Male name,Female name
Jacob,Emma
Michael,Isabella
Ethan,Emily
Joshua,Madison
Daniel,Ava
Alexander,Olivia
Anthony,Sophia
William,Abigail
Christopher,Elizabeth
Matthew,Chloe
Jayden,Samantha
Andrew,Addison
Joseph,Natalie
David,Mia
Noah,Alexis
Aiden,Alyssa
James,Hannah
Ryan,Ashley
Logan,Ella
John,Sarah
Nathan,Grace
Elijah,Taylor
Christian,Brianna
Gabriel,Lily
Benjamin,Hailey
Jonathan,Anna
Tyler,Victoria
Samuel,Kayla
Nicholas,Lillian
Gavin,Lauren
Dylan,Kaylee
Jackson,Allison
Brandon,Savannah
Caleb,Nevaeh
Mason,Gabriella
Angel,Sofia
Isaac,Makayla
Evan,Avery
Jack,Riley
Kevin,Julia
Jose,Leah
Isaiah,Aubrey
Luke,Jasmine
Landon,Audrey
Justin,Katherine
Lucas,Morgan
Zachary,Brooklyn
Jordan,Destiny
Robert,Sydney
Aaron,Alexa
Brayden,Kylie
Thomas,Brooke
Cameron,Kaitlyn
Hunter,Evelyn
Austin,Layla
Adrian,Madeline
Connor,Kimberly
Owen,Zoe
Aidan,Jessica
Jason,Peyton
Julian,Alexandra
Wyatt,Claire
Charles,Madelyn
Luis,Maria
Carter,Mackenzie
Juan,Arianna
Chase,Jocelyn
Diego,Amelia
Jeremiah,Angelina
Brody,Trinity
Xavier,Andrea
Adam,Maya
Carlos,Valeria
Sebastian,Sophie
Liam,Rachel
Hayden,Vanessa
Nathaniel,Aaliyah
Henry,Mariah
Jesus,Gabrielle
Ian,Katelyn
Tristan,Ariana
Bryan,Bailey
Sean,Camila
Cole,Jennifer
Alex,Melanie
Eric,Gianna
Brian,Charlotte
Jaden,Paige
Carson,Autumn
Blake,Payton
Ayden,Faith
Cooper,Sara
Dominic,Isabelle
Brady,Caroline
Caden,Genesis
Josiah,Isabel
Kyle,Mary
Colton,Zoey
Kaden,Gracie
Eli,Megan
Miguel,Haley
Antonio,Mya
Parker,Michelle
Steven,Molly
Alejandro,Stephanie
Riley,Nicole
Richard,Jenna
Timothy,Natalia
Devin,Sadie
Jesse,Jada
Victor,Serenity
Jake,Lucy
Joel,Ruby
Colin,Eva
Kaleb,Kennedy
Bryce,Rylee
Levi,Jayla
Oliver,Naomi
Oscar,Rebecca
Vincent,Lydia
Ashton,Daniela
Cody,Bella
Micah,Keira
Preston,Adriana
Marcus,Lilly
Max,Hayden
Patrick,Miley
Seth,Katie
Jeremy,Jade
Peyton,Jordan
Nolan,Gabriela
Ivan,Amy
Damian,Angela
Maxwell,Melissa
Alan,Valerie
Kenneth,Giselle
Jonah,Diana
Jorge,Amanda
Mark,Kate
Giovanni,Laila
Eduardo,Reagan
Grant,Jordyn
Collin,Kylee
Gage,Danielle
Omar,Briana
Emmanuel,Marley
Trevor,Leslie
Edward,Kendall
Ricardo,Catherine
Cristian,Liliana
Nicolas,Mckenzie
Kayden,Jacqueline
George,Ashlyn
Jaxon,Reese
Paul,Marissa
Braden,London
Elias,Juliana
Andres,Shelby
Derek,Cheyenne
Garrett,Angel
Tanner,Daisy
Malachi,Makenzie
Conner,Miranda
Fernando,Erin
Cesar,Amber
Javier,Alana
Miles,Ellie
Jaiden,Breanna
Alexis,Ana
Leonardo,Mikayla
Santiago,Summer
Francisco,Piper
Cayden,Adrianna
Shane,Jillian
Edwin,Sierra
Hudson,Jayden
Travis,Sienna
Bryson,Alicia
Erick,Lila
Jace,Margaret
Hector,Alivia
Josue,Brooklynn
Peter,Karen
Jaylen,Violet
Mario,Sabrina
Manuel,Stella
Abraham,Aniyah
Grayson,Annabelle
Damien,Alexandria
Kaiden,Kathryn
Spencer,Skylar
Stephen,Aliyah
Edgar,Delilah
Wesley,Julianna
Shawn,Kelsey
Trenton,Khloe
Jared,Carly
Jeffrey,Amaya
Landen,Mariana
Johnathan,Christina
Bradley,Alondra
Braxton,Tessa
Ryder,Eliana
Camden,Bianca
Roman,Jazmin
Asher,Clara
Brendan,Vivian
Maddox,Josephine
Sergio,Delaney
Israel,Scarlett
Andy,Elena
Lincoln,Cadence
Erik,Alexia
Donovan,Maggie
Raymond,Laura
Avery,Nora
Rylan,Ariel
Dalton,Elise
Harrison,Nadia
Andre,Mckenna
Martin,Chelsea
Keegan,Lyla
Marco,Alaina
Jude,Jasmin
Sawyer,Hope
Dakota,Leila
Leo,Caitlyn
Calvin,Cassidy
Kai,Makenna
Drake,Allie
Troy,Izabella
Zion,Eden
Clayton,Callie
Roberto,Haylee
Zane,Caitlin
Gregory,Kendra
Tucker,Karina
Rafael,Kyra
Kingston,Kayleigh
Dominick,Addyson
Ezekiel,Kiara
Griffin,Jazmine
Devon,Karla
Drew,Camryn
Lukas,Alina
Johnny,Lola
Ty,Kyla
Pedro,Kelly
Tyson,Fatima
Caiden,Tiffany
Mateo,Kira
Braylon,Crystal
Cash,Mallory
Aden,Esmeralda
Chance,Alejandra
Taylor,Eleanor
Marcos,Angelica
Maximus,Jayda
Ruben,Abby
Emanuel,Kara
Simon,Veronica
Corbin,Carmen
Brennan,Jamie
Dillon,Ryleigh
Skyler,Valentina
Myles,Allyson
Xander,Dakota
Jaxson,Kamryn
Dawson,Courtney
Kameron,Cecilia
Kyler,Madeleine
Axel,Aniya
Colby,Alison
Jonas,Esther
Joaquin,Heaven
Payton,Aubree
Brock,Lindsey
Frank,Leilani
Enrique,Nina
Quinn,Melody
Emilio,Macy
Malik,Ashlynn
Grady,Joanna
Angelo,Cassandra
Julio,Alayna
Derrick,Kaydence
Raul,Madilyn
Fabian,Aurora
Corey,Heidi
Gerardo,Emerson
Dante,Kimora
Ezra,Madalyn
Armando,Erica
Allen,Josie
Theodore,Katelynn
Gael,Guadalupe
Amir,Harper
Zander,Ivy
Adan,Lexi
Maximilian,Camille
Randy,Savanna
Easton,Dulce
Dustin,Daniella
Luca,Lucia
Phillip,Emely
Julius,Joselyn
Charlie,Kiley
Ronald,Kailey
Jakob,Miriam
Cade,Cynthia
Brett,Rihanna
Trent,Georgia
Silas,Rylie
Keith,Harmony
Emiliano,Kiera
Trey,Kyleigh
Jalen,Monica
Darius,Bethany
Lane,Kaylie
Jerry,Cameron
Jaime,Teagan
Scott,Cora
Graham,Brynn
Weston,Ciara
Braydon,Genevieve
Anderson,Alice
Rodrigo,Maddison
Pablo,Eliza
Saul,Tatiana
Danny,Jaelyn
Donald,Erika
Elliot,Ximena
Brayan,April
Dallas,Marely
Lorenzo,Julie
Casey,Danica
Mitchell,Presley
Alberto,Brielle
Tristen,Julissa
Rowan,Angie
Jayson,Iris
Gustavo,Brenda
Aaden,Hazel
Amari,Rose
Dean,Malia
Braeden,Shayla
Declan,Fiona
Chris,Phoebe
Ismael,Nayeli
Dane,Paola
Louis,Kaelyn
Arturo,Selena
Brenden,Audrina
Felix,Rebekah
Jimmy,Carolina
Cohen,Janiyah
Tony,Michaela
Holden,Penelope
Reid,Janiya
Abel,Anastasia
Bennett,Adeline
Zackary,Ruth
Arthur,Sasha
Nehemiah,Denise
Ricky,Holly
Esteban,Madisyn
Cruz,Hanna
Finn,Tatum
Mauricio,Marlee
Dennis,Nataly
Keaton,Helen
Albert,Janelle
Marvin,Lizbeth
Mathew,Serena
Larry,Anya
Moises,Jaslene
Issac,Kaylin
Philip,Jazlyn
Quentin,Nancy
Curtis,Lindsay
Greyson,Desiree
Jameson,Hayley
Everett,Itzel
Jayce,Imani
Darren,Madelynn
Elliott,Asia
Uriel,Kadence
Alfredo,Madyson
Hugo,Talia
Alec,Jane
Jamari,Kayden
Marshall,Annie
Walter,Amari
Judah,Bridget
Jay,Raegan
Lance,Jadyn
Beau,Celeste
Ali,Jimena
Landyn,Luna
Yahir,Yasmin
Phoenix,Emilia
Nickolas,Annika
Kobe,Estrella
Bryant,Sarai
Maurice,Lacey
Russell,Ayla
Leland,Alessandra
Colten,Willow
Reed,Nyla
Davis,Dayana
Joe,Lilah
Ernesto,Lilliana
Desmond,Natasha
Kade,Hadley
Reece,Harley
Morgan,Priscilla
Ramon,Claudia
Rocco,Allisson
Orlando,Baylee
Ryker,Brenna
Brodie,Brittany
Paxton,Skyler
Jacoby,Fernanda
Douglas,Danna
Kristopher,Melany
Gary,Cali
Lawrence,Lia
Izaiah,Macie
Solomon,Lyric
Nikolas,Logan
Mekhi,Gloria
Justice,Lana
Tate,Mylee
Jaydon,Cindy
Salvador,Lilian
Shaun,Amira
Alvin,Anahi
Eddie,Alissa
Kane,Anaya
Davion,Lena
Zachariah,Ainsley
Dorian,Sandra
Titus,Noelle
Kellen,Marisol
Camron,Meredith
Isiah,Kailyn
Javon,Lesly
Nasir,Johanna
Milo,Diamond
Johan,Evangeline
Byron,Juliet
Jasper,Kathleen
Jonathon,Meghan
Chad,Paisley
Marc,Athena
Kelvin,Hailee
Chandler,Rosa
Sam,Wendy
Cory,Emilee
Deandre,Sage
River,Alanna
Reese,Elaina
Roger,Cara
Quinton,Nia
Talon,Paris
Romeo,Casey
Franklin,Dana
Noel,Emery
Alijah,Rowan
Guillermo,Aubrie
Gunner,Kaitlin
Damon,Jaden
Jadon,Kenzie
Emerson,Kiana
Micheal,Viviana
Bruce,Norah
Terry,Lauryn
Kolton,Perla
Melvin,Amiyah
Beckett,Alyson
Porter,Rachael
August,Shannon
Brycen,Aileen
Dayton,Miracle
Jamarion,Lillie
Leonel,Danika
Karson,Heather
Zayden,Kassidy
Keagan,Taryn
Carl,Tori
Khalil,Francesca
Cristopher,Kristen
Nelson,Amya
Braiden,Elle
Moses,Kristina
Isaias,Cheyanne
Roy,Haylie
Triston,Patricia
Walker,Anne
Kale,Samara
Jermaine,Skye
Leon,Kali
Rodney,America
Kristian,Lexie
Mohamed,Parker
Ronan,Halle
Pierce,Londyn
Trace,Abbigail
Warren,Linda
Jeffery,Hallie
Maverick,Saniya
Cyrus,Bryanna
Quincy,Bailee
Nathanael,Jaylynn
Skylar,Mckayla
Tommy,Quinn
Conor,Jaelynn
Noe,Jaida
Ezequiel,Caylee
Demetrius,Jaiden
Jaylin,Melina
Kendrick,Abril
Frederick,Sidney
Terrance,Kassandra
Bobby,Elisabeth
Jamison,Adalyn
Jon,Kaylynn
Rohan,Mercedes
Jett,Yesenia
Kieran,Elliana
Tobias,Brylee
Ari,Dylan
Colt,Isabela
Gideon,Ryan
Felipe,Ashlee
Kenny,Daphne
Wilson,Kenya
Orion,Marina
Kamari,Christine
Gunnar,Mikaela
Jessie,Kaitlynn
Alonzo,Justice
Gianni,Saniyah
Omari,Jaliyah
Waylon,Ingrid
Malcolm,Marie
Emmett,Natalee
Abram,Joy
Julien,Juliette
London,Simone
Tomas,Adelaide
Allan,Krystal
Terrell,Kennedi
Matteo,Mila
Tristin,Tamia
Jairo,Addisyn
Reginald,Aylin
Brent,Dayanara
Ahmad,Sylvia
Yandel,Clarissa
Rene,Maritza
Willie,Virginia
Boston,Braelyn
Billy,Jolie
Marlon,Jaidyn
Trevon,Kinsley
Aydan,Kirsten
Jamal,Laney
Aldo,Marilyn
Ariel,Whitney
Cason,Janessa
Braylen,Raquel
Javion,Anika
Joey,Kamila
Rogelio,Aria
Ahmed,Rubi
Dominik,Adelyn
Brendon,Amara
Toby,Ayanna
Kody,Teresa
Marquis,Zariah
Ulises,Kaleigh
Armani,Amani
Adriel,Carla
Alfonso,Yareli
Branden,Gwendolyn
Will,Paulina
Craig,Nathalie
Ibrahim,Annabella
Osvaldo,Jaylin
Wade,Tabitha
Harley,Deanna
Steve,Madalynn
Davin,Journey
Deshawn,Aiyana
Kason,Skyla
Damion,Yaretzi
Jaylon,Ada
Jefferson,Liana
Aron,Karlee
Brooks,Jenny
Darian,Myla
Gerald,Cristina
Rolando,Myah
Terrence,Lisa
Enzo,Tania
Kian,Isis
Ryland,Jayleen
Barrett,Jordin
Jaeden,Arely
Ben,Azul
Bradyn,Helena
Giovani,Aryanna
Blaine,Jaqueline
Madden,Lucille
Jerome,Destinee
Muhammad,Martha
Ronnie,Zoie
Layne,Arielle
Kolby,Liberty
Leonard,Marlene
Vicente,Elisa
Cale,Isla
Alessandro,Noemi
Zachery,Raven
Gavyn,Jessie
Aydin,Aleah
Xzavier,Kailee
Malakai,Kaliyah
Raphael,Lilyana
Cannon,Haven
Rudy,Tara
Asa,Giana
Darrell,Camilla
Giancarlo,Maliyah
Elisha,Irene
Junior,Carley
Zackery,Maeve
Alvaro,Lea
Lewis,Macey
Valentin,Sharon
Deacon,Alisha
Jase,Marisa
Harry,Jaylene
Kendall,Kaya
Rashad,Scarlet
Finnegan,Siena
Mohammed,Adyson
Ramiro,Maia
Cedric,Shiloh
Brennen,Tiana
Santino,Jaycee
Stanley,Gisselle
Tyrone,Yazmin
Chace,Eve
Francis,Shyanne
Johnathon,Arabella
Teagan,Sherlyn
Zechariah,Sariah
Alonso,Amiya
Kaeden,Kiersten
Kamden,Madilynn
Gilberto,Shania
Ray,Aleena
Karter,Finley
Luciano,Kinley
Nico,Kaia
Kole,Aliya
Aryan,Taliyah
Draven,Pamela
Jamie,Yoselin
Misael,Ellen
Lee,Carlie
Alexzander,Monserrat
Camren,Jakayla
Giovanny,Reyna
Amare,Yaritza
Rhett,Carolyn
Rhys,Clare
Rodolfo,Lorelei
Nash,Paula
Markus,Zaria
Deven,Gracelyn
Mohammad,Kasey
Moshe,Regan
Quintin,Alena
Dwayne,Angelique
Memphis,Regina
Atticus,Britney
Davian,Emilie
Eugene,Mariam
Jax,Jaylee
Antoine,Julianne
Wayne,Greta
Randall,Elyse
Semaj,Lainey
Uriah,Kallie
Clark,Felicity
Aidyn,Zion
Jorden,Aspen
Maxim,Carlee
Aditya,Annalise
Lawson,Iliana
Messiah,Larissa
Korbin,Akira
Sullivan,Sonia
Freddy,Catalina
Demarcus,Phoenix
Neil,Joslyn
Brice,Anabelle
King,Mollie
Davon,Susan
Elvis,Judith
Ace,Destiney
Dexter,Hillary
Heath,Janet
Duncan,Katrina
Jamar,Mareli
Sincere,Ansley
Irvin,Kaylyn
Remington,Alexus
Kadin,Gia
Soren,Maci
Tyree,Elsa
Damarion,Stacy
Talan,Kaylen
Adrien,Carissa
Gilbert,Haleigh
Keenan,Lorena
Darnell,Jazlynn
Adolfo,Milagros
Tristian,Luz
Derick,Leanna
Isai,Renee
Rylee,Shaniya
Gauge,Charlie
Harold,Abbie
Kareem,Cailyn
Deangelo,Cherish
Agustin,Elsie
Coleman,Jazmyn
Zavier,Elaine
Lamar,Emmalee
Emery,Luciana
Jaydin,Dahlia
Devan,Jamya
Jordyn,Belinda
Mathias,Mariyah
Prince,Chaya
Sage,Dayami
Seamus,Rhianna
Jasiah,Yadira
Efrain,Aryana
Darryl,Rosemary
Arjun,Armani
Mike,Cecelia
Roland,Celia
Conrad,Barbara
Kamron,Cristal
Hamza,Eileen
Santos,Rayna
Frankie,Campbell
Dominique,Amina
Marley,Aisha
Vance,Amirah
Dax,Ally
Jamir,Araceli
Kylan,Averie
Todd,Mayra
Maximo,Sanaa
Jabari,Patience
Matthias,Leyla
Haiden,Selah
Luka,Zara
Marcelo,Chanel
Keon,Kaiya
Layton,Keyla
Tyrell,Miah
Kash,Aimee
Raiden,Giovanna
Cullen,Amelie
Donte,Kelsie
Jovani,Alisson
Cordell,Angeline
Kasen,Dominique
Rory,Adrienne
Alfred,Brisa
Darwin,Cierra
Ernest,Paloma
Bailey,Isabell
Gaige,Precious
Hassan,Alma
Jamarcus,Charity
Killian,Jacquelyn
Augustus,Janae
Trevin,Frances
Zain,Shyla
Ellis,Janiah
Rex,Kierra
Yusuf,Karlie
Bruno,Annabel
Jaidyn,Jacey
Justus,Karissa
Ronin,Jaylah
Humberto,Xiomara
Jaquan,Edith
Josh,Marianna
Kasey,Damaris
Winston,Deborah
Dashawn,Jaylyn
Lucian,Evelin
Matias,Mara
Sidney,Olive
Ignacio,Ayana
Nigel,India
Van,Kendal
Elian,Kayley
Finley,Tamara
Jaron,Briley
Addison,Charlee
Aedan,Nylah
Braedon,Abbey
Jadyn,Moriah
Konner,Saige
Zayne,Savanah
Franco,Giada
Niko,Hana
Savion,Lizeth
Cristofer,Matilda
Deon,Ann
Krish,Jazlene
Anton,Gillian
Brogan,Beatrice
Cael,Ireland
Coby,Karly
Kymani,Mylie
Marcel,Yasmine
Yair,Ashly
Dale,Kenna
Bo,Maleah
Jordon,Corinne
Samir,Keely
Darien,Tanya
Zaire,Tianna
Ross,Adalynn
Vaughn,Ryann
Devyn,Salma
Kenyon,Areli
Clay,Karma
Dario,Shyann
Ishaan,Kaley
Jair,Theresa
Kael,Evie
Adonis,Gina
Jovanny,Roselyn
Clinton,Kaila
Rey,Jaylen
Chaim,Natalya
German,Meadow
Harper,Rayne
Nathen,Aliza
Rigoberto,Yuliana
Sonny,June
Glenn,Lilianna
Octavio,Nathaly
Blaze,Ali
Keshawn,Alisa
Ralph,Aracely
Ean,Belen
Nikhil,Tess
Rayan,Jocelynn
Sterling,Litzy
Branson,Makena
Jadiel,Abagail
Dillan,Giuliana
Jeramiah,Joyce
Koen,Libby
Konnor,Lillianna
Antwan,Thalia
Houston,Tia
Tyrese,Sarahi
Dereon,Zaniyah
Leonidas,Kristin
Zack,Lorelai
Fisher,Mattie
Jaydan,Taniya
Quinten,Jaslyn
Nick,Gemma
Urijah,Valery
Darion,Lailah
Jovan,Mckinley
Salvatore,Micah
Beckham,Deja
Jarrett,Frida
Antony,Brynlee
Eden,Jewel
Makai,Krista
Zaiden,Mira
Broderick,Yamilet
Camryn,Adison
Malaki,Carina
Nikolai,Karli
Howard,Magdalena
Immanuel,Stephany
Demarion,Charlize
Valentino,Raelynn
Jovanni,Aliana
Ayaan,Cassie
Ethen,Mina
Leandro,Karley
Royce,Shirley
Yael,Marlie
Yosef,Alani
Jean,Taniyah
Marquise,Cloe
Alden,Sanai
Leroy,Lina
Gaven,Nola
Jovany,Anabella
Tyshawn,Dalia
Aarav,Raina
Kadyn,Mariela
Milton,Ariella
Zaid,Bria
Kelton,Kamari
Tripp,Monique
Kamren,Ashleigh
Slade,Reina
Hezekiah,Alia
Jakobe,Ashanti
Nathanial,Lara
Rishi,Lilia
Shamar,Justine
Geovanni,Leia
Pranav,Maribel
Roderick,Abigayle
Bentley,Tiara
Clarence,Alannah
Lyric,Princess
Bernard,Sydnee
Carmelo,Kamora
Denzel,Paityn
Maximillian,Payten
Reynaldo,Naima
Cassius,Gretchen
Gordon,Heidy
Reuben,Nyasia
Samson,Livia
Yadiel,Marin
Jayvon,Shaylee
Reilly,Maryjane
Sheldon,Laci
Abdullah,Nathalia
Jagger,Azaria
Thaddeus,Anabel
Case,Chasity
Kyson,Emmy
Lamont,Izabelle
Chaz,Denisse
Makhi,Emelia
Jan,Mireya
Marques,Shea
Oswaldo,Amiah
Donavan,Dixie
Keyon,Maren
Kyan,Averi
Simeon,Esperanza
Trystan,Micaela
Andreas,Selina
Dangelo,Alyvia
Landin,Chana
Reagan,Avah
Turner,Donna
Arnav,Kaylah
Brenton,Ashtyn
Callum,Karsyn
Jayvion,Makaila
Bridger,Shayna
Sammy,Essence
Deegan,Leticia
Jaylan,Miya
Lennon,Rory
Odin,Desirae
Abdiel,Kianna
Jerimiah,Laurel
Eliezer,Neveah
Bronson,Amaris
Cornelius,Hadassah
Pierre,Dania
Cortez,Hailie
Baron,Jamiya
Carlo,Kathy
Carsen,Laylah
Fletcher,Riya
Izayah,Diya
Kolten,Carleigh
Damari,Iyana
Hugh,Kenley
Jensen,Sloane
Yurem,Elianna

